frame,timestamp,left_shoulder_x,left_shoulder_y,left_shoulder_z,left_elbow_x,left_elbow_y,left_elbow_z,left_wrist_x,left_wrist_y,left_wrist_z,right_shoulder_x,right_shoulder_y,right_shoulder_z,right_elbow_x,right_elbow_y,right_elbow_z,right_wrist_x,right_wrist_y,right_wrist_z,right_shoulder_pitch_joint,right_shoulder_roll_joint,right_shoulder_yaw_joint,right_elbow_joint,right_wrist_pitch_joint,right_wrist_roll_joint,right_wrist_yaw_joint,left_shoulder_pitch_joint,left_shoulder_roll_joint,left_shoulder_yaw_joint,left_elbow_joint,left_wrist_pitch_joint,left_wrist_roll_joint,left_wrist_yaw_joint
1,2025-07-17T23:35:24.200472,0.17319543659687042,-0.4107951521873474,-0.07019712775945663,0.22232642769813538,-0.24518346786499023,-0.20386826992034912,0.11455710232257843,-0.33780720829963684,-0.3815269470214844,-0.16129599511623383,-0.4191746115684509,-0.1111304759979248,-0.21881911158561707,-0.2593773901462555,-0.19004525244235992,-0.16079331934452057,-0.22663986682891846,-0.35153353214263916,0.1,0.1,0.0,0.6,0.0,0.0,0.0,0.1,-0.1,0.0,0.6,0.0,0.0,0.0
2,2025-07-17T23:35:24.324628,0.1671304851770401,-0.40739864110946655,-0.08272696286439896,0.20596946775913239,-0.25316122174263,-0.20330893993377686,0.0996515229344368,-0.3457561433315277,-0.35243797302246094,-0.1621355265378952,-0.41407039761543274,-0.12180328369140625,-0.20649176836013794,-0.2510596215724945,-0.1915971338748932,-0.13959652185440063,-0.23322540521621704,-0.3433406352996826,0.1,0.1,0.0,0.6,0.0,0.0,0.0,0.1,-0.1,0.0,0.6,0.0,0.0,0.0
3,2025-07-17T23:35:24.358562,0.16958531737327576,-0.40957167744636536,-0.08942022919654846,0.20567505061626434,-0.2600199580192566,-0.22906172275543213,0.09788050502538681,-0.36868783831596375,-0.3896195888519287,-0.16264958679676056,-0.4194755554199219,-0.12195348739624023,-0.2109285295009613,-0.27144956588745117,-0.21660810708999634,-0.14462216198444366,-0.2808306813240051,-0.37869083881378174,0.1,0.1,0.0,0.6,0.0,0.0,0.0,0.1,-0.1,0.0,0.6,0.0,0.0,0.0
4,2025-07-17T23:35:24.458939,0.17833645641803741,-0.3954521417617798,-0.09929569065570831,0.224931001663208,-0.2351371794939041,-0.22819209098815918,0.1185913234949112,-0.3365408182144165,-0.40781736373901367,-0.1524655967950821,-0.4201095402240753,-0.12012863159179688,-0.24916164577007294,-0.27742907404899597,-0.13928407430648804,-0.2532082498073578,-0.19146598875522614,-0.27906715869903564,0.1,0.1,0.0,0.6,0.0,0.0,0.0,0.1,-0.1,0.0,0.6,0.0,0.0,0.0
5,2025-07-17T23:35:24.523236,0.1785360723733902,-0.3988214433193207,-0.09211452305316925,0.219874307513237,-0.24874408543109894,-0.21795928478240967,0.10377670079469681,-0.3580397665500641,-0.38611769676208496,-0.15048480033874512,-0.41708904504776,-0.11755585670471191,-0.20692624151706696,-0.2487676739692688,-0.1433754563331604,-0.20041458308696747,-0.15934927761554718,-0.2969127893447876,0.1,0.1,0.0,0.6,0.0,0.0,0.0,0.1,-0.1,0.0,0.6,0.0,0.0,0.0
6,2025-07-17T23:35:24.624613,0.16961359977722168,-0.39728373289108276,-0.10273711383342743,0.2022785097360611,-0.25132331252098083,-0.2254037857055664,0.07569205015897751,-0.3836132884025574,-0.36792826652526855,-0.15722034871578217,-0.40500035881996155,-0.12172961235046387,-0.19996245205402374,-0.22809334099292755,-0.13920800387859344,-0.2059262990951538,-0.13994711637496948,-0.28627240657806396,0.1,0.1,0.0,0.6,0.0,0.0,0.0,0.1,-0.1,0.0,0.6,0.0,0.0,0.0
7,2025-07-17T23:35:24.723125,0.16920635104179382,-0.40720832347869873,-0.09177999198436737,0.20076175034046173,-0.2649857997894287,-0.21754777431488037,0.08235371857881546,-0.38138145208358765,-0.3664078712463379,-0.1579558402299881,-0.4098834693431854,-0.11551046371459961,-0.19041408598423004,-0.23889075219631195,-0.16958767175674438,-0.15618622303009033,-0.21229706704616547,-0.3340543508529663,0.1,0.1,0.0,0.6,0.0,0.0,0.0,0.1,-0.1,0.0,0.6,0.0,0.0,0.0
8,2025-07-17T23:35:24.825020,0.16705018281936646,-0.40714144706726074,-0.09234127402305603,0.1930503249168396,-0.2642531096935272,-0.21371150016784668,0.08039893954992294,-0.38453376293182373,-0.34476375579833984,-0.1597975194454193,-0.40834683179855347,-0.11723184585571289,-0.18271128833293915,-0.24658407270908356,-0.19687612354755402,-0.11570131778717041,-0.27092641592025757,-0.35010600090026855,0.1,0.1,0.0,0.6,0.0,0.0,0.0,0.1,-0.1,0.0,0.6,0.0,0.0,0.0
9,2025-07-17T23:35:24.924090,0.1598557084798813,-0.4054575562477112,-0.10118631273508072,0.18541260063648224,-0.2683653235435486,-0.2245699167251587,0.0792921632528305,-0.384893536567688,-0.3458571434020996,-0.16505974531173706,-0.40564751625061035,-0.1231687068939209,-0.1926746368408203,-0.24843595921993256,-0.20894713699817657,-0.13287010788917542,-0.2739521563053131,-0.3738222122192383,0.1,0.1,0.0,0.6,0.0,0.0,0.0,0.1,-0.1,0.0,0.6,0.0,0.0,0.0
10,2025-07-17T23:35:25.023964,0.158657044172287,-0.4062560498714447,-0.0998489111661911,0.19120493531227112,-0.267511248588562,-0.2268613576889038,0.06606445461511612,-0.39064013957977295,-0.35080862045288086,-0.16568300127983093,-0.40307044982910156,-0.11941766738891602,-0.19094648957252502,-0.22968757152557373,-0.16933219134807587,-0.16450679302215576,-0.1818191558122635,-0.32485997676849365,0.1,0.1,0.0,0.6,0.0,0.0,0.0,0.1,-0.1,0.0,0.6,0.0,0.0,0.0
11,2025-07-17T23:35:25.129674,0.16670088469982147,-0.40339043736457825,-0.08639398217201233,0.2010314166545868,-0.25180137157440186,-0.20021867752075195,0.08114039897918701,-0.3669602870941162,-0.3261301517486572,-0.159641295671463,-0.4004449248313904,-0.10938167572021484,-0.1879224330186844,-0.22604748606681824,-0.1670343428850174,-0.14752615988254547,-0.20959842205047607,-0.3147059679031372,0.1,0.1,0.0,0.6,0.0,0.0,0.0,0.1,-0.1,0.0,0.6,0.0,0.0,0.0
12,2025-07-17T23:35:25.224705,0.16473759710788727,-0.40309756994247437,-0.07611565291881561,0.2088259905576706,-0.26116472482681274,-0.17374682426452637,0.08852090686559677,-0.3746033012866974,-0.28716611862182617,-0.1625971496105194,-0.39821574091911316,-0.10246801376342773,-0.19607388973236084,-0.21974895894527435,-0.12591594457626343,-0.1755482405424118,-0.1470288634300232,-0.24919438362121582,0.1,0.1,0.0,0.6,0.0,0.0,0.0,0.1,-0.1,0.0,0.6,0.0,0.0,0.0
13,2025-07-17T23:35:25.323016,0.15892870724201202,-0.40631768107414246,-0.07384512573480606,0.19384750723838806,-0.2693942189216614,-0.17961692810058594,0.06737391650676727,-0.3873765170574188,-0.2947657108306885,-0.1663760393857956,-0.3937445282936096,-0.0983879566192627,-0.19315771758556366,-0.21766532957553864,-0.12966684997081757,-0.17614877223968506,-0.1517593264579773,-0.25455498695373535,0.1,0.1,0.0,0.6,0.0,0.0,0.0,0.1,-0.1,0.0,0.6,0.0,0.0,0.0
14,2025-07-17T23:35:25.422275,0.16418056190013885,-0.4035586416721344,-0.06397291272878647,0.2110477238893509,-0.24903006851673126,-0.17200613021850586,0.08405753970146179,-0.36453551054000854,-0.3002746105194092,-0.16064848005771637,-0.39509931206703186,-0.08816337585449219,-0.19309934973716736,-0.1991765946149826,-0.1134803518652916,-0.19135212898254395,-0.0805368572473526,-0.2613563537597656,0.1,0.1,0.0,0.6,0.0,0.0,0.0,0.1,-0.1,0.0,0.6,0.0,0.0,0.0
15,2025-07-17T23:35:25.522745,0.1579113006591797,-0.40842095017433167,-0.07099698483943939,0.19874858856201172,-0.2603399157524109,-0.17870306968688965,0.07497527450323105,-0.3784421980381012,-0.32291269302368164,-0.15842895209789276,-0.4003525376319885,-0.0902554988861084,-0.20484288036823273,-0.21091946959495544,-0.10995636880397797,-0.21575404703617096,-0.0769299790263176,-0.23976516723632812,0.1,0.1,0.0,0.6,0.0,0.0,0.0,0.1,-0.1,0.0,0.6,0.0,0.0,0.0
16,2025-07-17T23:35:25.557783,0.16445456445217133,-0.4129197299480438,-0.06309579312801361,0.22050385177135468,-0.2510228157043457,-0.18195724487304688,0.0983225554227829,-0.3413707911968231,-0.34345173835754395,-0.15979236364364624,-0.40265989303588867,-0.08697795867919922,-0.1973010152578354,-0.20124994218349457,-0.1303446739912033,-0.19254277646541595,-0.08054453879594803,-0.28804123401641846,0.1,0.1,0.0,0.6,0.0,0.0,0.0,0.1,-0.1,0.0,0.6,0.0,0.0,0.0
17,2025-07-17T23:35:25.655712,0.16771362721920013,-0.41902849078178406,-0.0627756416797638,0.22993385791778564,-0.26580482721328735,-0.17178666591644287,0.1146889254450798,-0.347819447517395,-0.33214664459228516,-0.16128751635551453,-0.40771594643592834,-0.09435844421386719,-0.20993347465991974,-0.21302376687526703,-0.12557150423526764,-0.2027789056301117,-0.09105280041694641,-0.2732822895050049,0.1,0.1,0.0,0.6,0.0,0.0,0.0,0.1,-0.1,0.0,0.6,0.0,0.0,0.0
18,2025-07-17T23:35:25.755976,0.1671391725540161,-0.41069459915161133,-0.07450640946626663,0.23023559153079987,-0.2586982846260071,-0.1717667579650879,0.11368638277053833,-0.3408087193965912,-0.3113093376159668,-0.16626529395580292,-0.4028504490852356,-0.10950803756713867,-0.19484055042266846,-0.2109125703573227,-0.13004474341869354,-0.17716459929943085,-0.10326516628265381,-0.2669546604156494,0.1,0.1,0.0,0.6,0.0,0.0,0.0,0.1,-0.1,0.0,0.6,0.0,0.0,0.0
19,2025-07-17T23:35:25.855832,0.15304076671600342,-0.4149474501609802,-0.07459333539009094,0.21698518097400665,-0.26589444279670715,-0.18802273273468018,0.09780015051364899,-0.3601700961589813,-0.33353447914123535,-0.1731022447347641,-0.4049461781978607,-0.1036224365234375,-0.2111900895833969,-0.19996194541454315,-0.12456628680229187,-0.21406368911266327,-0.06424347311258316,-0.26464056968688965,0.1,0.1,0.0,0.6,0.0,0.0,0.0,0.1,-0.1,0.0,0.6,0.0,0.0,0.0
20,2025-07-17T23:35:25.954700,0.1672750562429428,-0.4123336672782898,-0.06861156225204468,0.22990965843200684,-0.24958957731723785,-0.17235028743743896,0.10783989727497101,-0.3294917345046997,-0.3295559883117676,-0.1633702665567398,-0.4019488990306854,-0.09896159172058105,-0.1982554942369461,-0.20208804309368134,-0.13592326641082764,-0.1821593940258026,-0.09605881571769714,-0.285885214805603,0.1,0.1,0.0,0.6,0.0,0.0,0.0,0.1,-0.1,0.0,0.6,0.0,0.0,0.0
21,2025-07-17T23:35:26.058365,0.16622380912303925,-0.40859636664390564,-0.07946224510669708,0.2174856811761856,-0.25043267011642456,-0.18723046779632568,0.09355920553207397,-0.3544797897338867,-0.3350217342376709,-0.1615796834230423,-0.4050401747226715,-0.10090470314025879,-0.20826764404773712,-0.21943175792694092,-0.13857808709144592,-0.2046557366847992,-0.11772758513689041,-0.2845468521118164,0.1,0.1,0.0,0.6,0.0,0.0,0.0,0.1,-0.1,0.0,0.6,0.0,0.0,0.0
22,2025-07-17T23:35:26.188928,0.16260936856269836,-0.4057742655277252,-0.08186456561088562,0.22213426232337952,-0.24945323169231415,-0.18352031707763672,0.10256993025541306,-0.3472854197025299,-0.33006834983825684,-0.1642504334449768,-0.3955383896827698,-0.10799980163574219,-0.20172876119613647,-0.19831188023090363,-0.12795408070087433,-0.20170025527477264,-0.08430054038763046,-0.25892627239227295,0.1,0.1,0.0,0.6,0.0,0.0,0.0,0.1,-0.1,0.0,0.6,0.0,0.0,0.0
23,2025-07-17T23:35:26.289817,0.159457728266716,-0.4062350392341614,-0.08372791111469269,0.2048661857843399,-0.2543128430843353,-0.19482040405273438,0.08207721263170242,-0.3783802092075348,-0.3339107036590576,-0.16437526047229767,-0.3976964056491852,-0.10411930084228516,-0.1980411559343338,-0.20306971669197083,-0.12787474691867828,-0.20554105937480927,-0.08858154714107513,-0.26100218296051025,0.1,0.1,0.0,0.6,0.0,0.0,0.0,0.1,-0.1,0.0,0.6,0.0,0.0,0.0
24,2025-07-17T23:35:26.388474,0.1635061502456665,-0.4063570499420166,-0.07668803632259369,0.21515537798404694,-0.24885410070419312,-0.1818993091583252,0.08930007368326187,-0.35632991790771484,-0.32017087936401367,-0.16538545489311218,-0.39622020721435547,-0.10101461410522461,-0.19468116760253906,-0.19964662194252014,-0.13442975282669067,-0.19608837366104126,-0.08758658915758133,-0.28081655502319336,0.1,0.1,0.0,0.6,0.0,0.0,0.0,0.1,-0.1,0.0,0.6,0.0,0.0,0.0
25,2025-07-17T23:35:26.489360,0.1620090752840042,-0.40623465180397034,-0.0748455822467804,0.1984906643629074,-0.24402886629104614,-0.18952727317810059,0.07253620773553848,-0.36162421107292175,-0.3252418041229248,-0.16188497841358185,-0.3957325220108032,-0.0937495231628418,-0.18803328275680542,-0.19817794859409332,-0.1506752222776413,-0.17592965066432953,-0.11947926878929138,-0.2962881326675415,0.1,0.1,0.0,0.6,0.0,0.0,0.0,0.1,-0.1,0.0,0.6,0.0,0.0,0.0
26,2025-07-17T23:35:26.589240,0.1634168177843094,-0.4076211750507355,-0.07533971965312958,0.20287570357322693,-0.24568849802017212,-0.1884002685546875,0.07984527200460434,-0.37436461448669434,-0.337817907333374,-0.1588364839553833,-0.39751219749450684,-0.0948636531829834,-0.20828479528427124,-0.2062530219554901,-0.1418781280517578,-0.20558850467205048,-0.11115332692861557,-0.28571414947509766,0.1,0.1,0.0,0.6,0.0,0.0,0.0,0.1,-0.1,0.0,0.6,0.0,0.0,0.0
27,2025-07-17T23:35:26.689079,0.1601954698562622,-0.4089444875717163,-0.07119561731815338,0.20503604412078857,-0.25087684392929077,-0.17849910259246826,0.09335897117853165,-0.36616650223731995,-0.32094597816467285,-0.16362762451171875,-0.40040937066078186,-0.0934748649597168,-0.20212550461292267,-0.1942765712738037,-0.1204347163438797,-0.21292975544929504,-0.06333279609680176,-0.2643897533416748,0.1,0.1,0.0,0.6,0.0,0.0,0.0,0.1,-0.1,0.0,0.6,0.0,0.0,0.0
28,2025-07-17T23:35:26.789353,0.16131086647510529,-0.4215833842754364,-0.06325706094503403,0.23712803423404694,-0.2657221853733063,-0.16815149784088135,0.14352811872959137,-0.33524608612060547,-0.34963369369506836,-0.1641255021095276,-0.4074701964855194,-0.10338044166564941,-0.2105986773967743,-0.2103898972272873,-0.14085820317268372,-0.20029765367507935,-0.09742087125778198,-0.28581929206848145,0.1,0.1,0.0,0.6,0.0,0.0,0.0,0.1,-0.1,0.0,0.6,0.0,0.0,0.0
29,2025-07-17T23:35:26.888309,0.17362584173679352,-0.4274568259716034,-0.0587126649916172,0.2497420608997345,-0.2757478654384613,-0.18559813499450684,0.1384464055299759,-0.32864129543304443,-0.37559056282043457,-0.16285838186740875,-0.42031124234199524,-0.09963846206665039,-0.2221718728542328,-0.2596625089645386,-0.19314506649971008,-0.16921301186084747,-0.19938354194164276,-0.36636650562286377,0.1,0.1,0.0,0.6,0.0,0.0,0.0,0.1,-0.1,0.0,0.6,0.0,0.0,0.0
30,2025-07-17T23:35:26.990119,0.18645595014095306,-0.4490075707435608,-0.07030986994504929,0.2910008728504181,-0.2896505892276764,-0.10480046272277832,0.2707435190677643,-0.1425071507692337,-0.279376745223999,-0.15090543031692505,-0.4294266104698181,-0.11514830589294434,-0.269815057516098,-0.23228420317173004,-0.11663246899843216,-0.2843940258026123,-0.0971987247467041,-0.2128523588180542,0.1,0.1,0.0,0.6,0.0,0.0,0.0,0.1,-0.1,0.0,0.6,0.0,0.0,0.0
31,2025-07-17T23:35:27.089311,0.18949036300182343,-0.45180749893188477,-0.06357135623693466,0.2883356213569641,-0.2843038737773895,-0.09027516841888428,0.2820723056793213,-0.12177049368619919,-0.23148894309997559,-0.14637689292430878,-0.44236573576927185,-0.11245965957641602,-0.26620352268218994,-0.23724670708179474,-0.09893013536930084,-0.26727548241615295,-0.06777818500995636,-0.18132901191711426,0.1,0.1,0.0,0.6,0.0,0.0,0.0,0.1,-0.1,0.0,0.6,0.0,0.0,0.0
32,2025-07-17T23:35:27.188120,0.19235408306121826,-0.4471338093280792,-0.06662305444478989,0.2871882915496826,-0.2706291377544403,-0.08433866500854492,0.28535643219947815,-0.10651751607656479,-0.2173447608947754,-0.14498917758464813,-0.4465910494327545,-0.11090278625488281,-0.2550623416900635,-0.24412815272808075,-0.09505559504032135,-0.26780787110328674,-0.09620707482099533,-0.18902552127838135,0.1,0.1,0.0,0.6,0.0,0.0,0.0,0.1,-0.1,0.0,0.6,0.0,0.0,0.0
33,2025-07-17T23:35:27.288992,0.1871204972267151,-0.44900399446487427,-0.061551760882139206,0.2770136296749115,-0.2775558829307556,-0.07271313667297363,0.28056415915489197,-0.12628862261772156,-0.19692206382751465,-0.1498989313840866,-0.44228827953338623,-0.11737751960754395,-0.2534324526786804,-0.2329150140285492,-0.09469082951545715,-0.24767319858074188,-0.06936214119195938,-0.17876768112182617,0.1,0.1,0.0,0.6,0.0,0.0,0.0,0.1,-0.1,0.0,0.6,0.0,0.0,0.0
34,2025-07-17T23:35:27.387912,0.18563173711299896,-0.45161154866218567,-0.05500086024403572,0.27538836002349854,-0.2912006080150604,-0.07941961288452148,0.279560387134552,-0.15347149968147278,-0.22425532341003418,-0.1472884565591812,-0.44177302718162537,-0.11008954048156738,-0.23699791729450226,-0.2350870668888092,-0.09517526626586914,-0.23731696605682373,-0.07738784700632095,-0.17794346809387207,0.1,0.1,0.0,0.6,0.0,0.0,0.0,0.1,-0.1,0.0,0.6,0.0,0.0,0.0
35,2025-07-17T23:35:27.489575,0.18382470309734344,-0.45055481791496277,-0.05767706409096718,0.2737732529640198,-0.28831571340560913,-0.07479429244995117,0.2810195982456207,-0.15290382504463196,-0.2170400619506836,-0.14725632965564728,-0.4406721293926239,-0.11098241806030273,-0.2372014820575714,-0.23253566026687622,-0.09271152317523956,-0.23493196070194244,-0.07679536193609238,-0.17881500720977783,0.1,0.1,0.0,0.6,0.0,0.0,0.0,0.1,-0.1,0.0,0.6,0.0,0.0,0.0
36,2025-07-17T23:35:27.588225,0.1873953640460968,-0.4416615068912506,-0.06791327148675919,0.2679901719093323,-0.260317325592041,-0.07844436168670654,0.28206080198287964,-0.09249524027109146,-0.2027292251586914,-0.14713901281356812,-0.4437025487422943,-0.11667060852050781,-0.2625974118709564,-0.2374483346939087,-0.10252760350704193,-0.26222890615463257,-0.07437203824520111,-0.18067574501037598,0.1,0.1,0.0,0.6,0.0,0.0,0.0,0.1,-0.1,0.0,0.6,0.0,0.0,0.0
37,2025-07-17T23:35:27.689539,0.1945185661315918,-0.44118648767471313,-0.06444550305604935,0.26821428537368774,-0.253609836101532,-0.06857872009277344,0.28786593675613403,-0.0814262256026268,-0.19414496421813965,-0.13648749887943268,-0.44282349944114685,-0.1210181713104248,-0.25380921363830566,-0.2311980128288269,-0.10914099216461182,-0.26226332783699036,-0.06423968821763992,-0.18786799907684326,0.1,0.1,0.0,0.6,0.0,0.0,0.0,0.1,-0.1,0.0,0.6,0.0,0.0,0.0
38,2025-07-17T23:35:27.786940,0.18795543909072876,-0.44018232822418213,-0.059718042612075806,0.2731991708278656,-0.2624155282974243,-0.09228181838989258,0.28843486309051514,-0.0954659953713417,-0.2465202808380127,-0.14238709211349487,-0.43876487016677856,-0.11734437942504883,-0.2539677321910858,-0.22822634875774384,-0.11762480437755585,-0.2595474421977997,-0.05571341887116432,-0.21386420726776123,0.1,0.1,0.0,0.6,0.0,0.0,0.0,0.1,-0.1,0.0,0.6,0.0,0.0,0.0
39,2025-07-17T23:35:27.913072,0.19616395235061646,-0.4404570758342743,-0.06330706179141998,0.2713639438152313,-0.24945634603500366,-0.0783611536026001,0.2835380434989929,-0.07338833063840866,-0.20637273788452148,-0.13856680691242218,-0.44398412108421326,-0.11702823638916016,-0.25493311882019043,-0.23282016813755035,-0.10539376735687256,-0.2574830949306488,-0.06637611240148544,-0.1886366605758667,0.1,0.1,0.0,0.6,0.0,0.0,0.0,0.1,-0.1,0.0,0.6,0.0,0.0,0.0
40,2025-07-17T23:35:28.021517,0.19275128841400146,-0.44516974687576294,-0.05616152286529541,0.3005208373069763,-0.2659871280193329,-0.07415568828582764,0.312778502702713,-0.10223566740751266,-0.20430874824523926,-0.14941324293613434,-0.4416247606277466,-0.10725212097167969,-0.26502951979637146,-0.23207806050777435,-0.08513281494379044,-0.27656710147857666,-0.05568505823612213,-0.15874075889587402,0.1,0.1,0.0,0.6,0.0,0.0,0.0,0.1,-0.1,0.0,0.6,0.0,0.0,0.0
41,2025-07-17T23:35:28.121679,0.20202262699604034,-0.4397755265235901,-0.05807454511523247,0.2894762456417084,-0.24880506098270416,-0.08771395683288574,0.289639413356781,-0.06263188272714615,-0.21116352081298828,-0.13737356662750244,-0.44461315870285034,-0.09768009185791016,-0.27703657746315,-0.24495252966880798,-0.09493444859981537,-0.2896546423435211,-0.07850532233715057,-0.18183577060699463,0.1,0.1,0.0,0.6,0.0,0.0,0.0,0.1,-0.1,0.0,0.6,0.0,0.0,0.0
42,2025-07-17T23:35:28.221530,0.1896021068096161,-0.4517001807689667,-0.06763197481632233,0.28969767689704895,-0.26274070143699646,-0.10247635841369629,0.2914176285266876,-0.08095759153366089,-0.23635315895080566,-0.1535540074110031,-0.4450998902320862,-0.10184311866760254,-0.26891252398490906,-0.23810464143753052,-0.08995027840137482,-0.28884875774383545,-0.06610363721847534,-0.16915440559387207,0.1,0.1,0.0,0.6,0.0,0.0,0.0,0.1,-0.1,0.0,0.6,0.0,0.0,0.0
43,2025-07-17T23:35:28.321382,0.16316603124141693,-0.4425010681152344,-0.07768846303224564,0.28838038444519043,-0.26933223009109497,-0.11183202266693115,0.3497023582458496,-0.07806593179702759,-0.23111486434936523,-0.15536709129810333,-0.4242281913757324,-0.10868477821350098,-0.2637407183647156,-0.23190200328826904,-0.10371989756822586,-0.2948186993598938,-0.05807214602828026,-0.18708562850952148,0.1,0.1,0.0,0.6,0.0,0.0,0.0,0.1,-0.1,0.0,0.6,0.0,0.0,0.0
44,2025-07-17T23:35:28.422788,0.1674225926399231,-0.4219379723072052,-0.045686155557632446,0.2687225937843323,-0.2345268577337265,-0.10127580165863037,0.3052850067615509,-0.08455678075551987,-0.2274150848388672,-0.16846448183059692,-0.4263657033443451,-0.07612299919128418,-0.2880896329879761,-0.3027530908584595,-0.21813276410102844,-0.2808752655982971,-0.3630521893501282,-0.45884811878204346,0.1,0.1,0.0,0.6,0.0,0.0,0.0,0.1,-0.1,0.0,0.6,0.0,0.0,0.0
45,2025-07-17T23:35:28.520992,0.16621258854866028,-0.4523366093635559,-0.026095770299434662,0.31703630089759827,-0.3985920250415802,-0.15178346633911133,0.25952425599098206,-0.4989181160926819,-0.3029472827911377,-0.14209963381290436,-0.41899728775024414,-0.07185101509094238,-0.26325029134750366,-0.3844137191772461,-0.21007311344146729,-0.29642927646636963,-0.5330303311347961,-0.35746467113494873,0.1,0.1,0.0,0.6,0.0,0.0,0.0,0.1,-0.1,0.0,0.6,0.0,0.0,0.0
46,2025-07-17T23:35:28.623193,0.170477494597435,-0.4228742718696594,-0.06184311956167221,0.34751424193382263,-0.313956618309021,-0.07499778270721436,0.4483059048652649,-0.19942443072795868,-0.16262555122375488,-0.19792284071445465,-0.4070190489292145,-0.11437511444091797,-0.39671972393989563,-0.47779983282089233,-0.26470592617988586,-0.3113199472427368,-0.6219161748886108,-0.4110327959060669,0.1,0.1,0.0,0.6,0.0,0.0,0.0,0.1,-0.1,0.0,0.6,0.0,0.0,0.0
47,2025-07-17T23:35:28.720736,0.14703798294067383,-0.4191344380378723,-0.12090934813022614,0.29849427938461304,-0.49166375398635864,-0.24296176433563232,0.18633821606636047,-0.6571228504180908,-0.29501795768737793,-0.16431783139705658,-0.3965970277786255,-0.11949610710144043,-0.34922248125076294,-0.5314792990684509,-0.12305878102779388,-0.2332632839679718,-0.693005383014679,-0.022894978523254395,0.1,0.1,0.0,0.6,0.0,0.0,0.0,0.1,-0.1,0.0,0.6,0.0,0.0,0.0
48,2025-07-17T23:35:28.820641,0.15483754873275757,-0.41909459233283997,-0.142249196767807,0.2958814203739166,-0.5193701982498169,-0.26644623279571533,0.13791614770889282,-0.6938061714172363,-0.2867608070373535,-0.16276217997074127,-0.402190625667572,-0.12136363983154297,-0.3350702226161957,-0.5512998104095459,-0.12571896612644196,-0.20114395022392273,-0.7238866090774536,-0.004459023475646973,0.1,0.1,0.0,0.6,0.0,0.0,0.0,0.1,-0.1,0.0,0.6,0.0,0.0,0.0
49,2025-07-17T23:35:28.921547,0.15707877278327942,-0.43708091974258423,-0.11416477710008621,0.2868902087211609,-0.5334217548370361,-0.25675153732299805,0.12204436212778091,-0.7163032293319702,-0.2899293899536133,-0.15879112482070923,-0.41718393564224243,-0.08100008964538574,-0.33512431383132935,-0.5644909143447876,-0.08832908421754837,-0.20357277989387512,-0.7419843077659607,0.024562954902648926,0.1,0.1,0.0,0.6,0.0,0.0,0.0,0.1,-0.1,0.0,0.6,0.0,0.0,0.0
50,2025-07-17T23:35:29.021923,0.1525837779045105,-0.4334580898284912,-0.1204683855175972,0.28059902787208557,-0.5229856967926025,-0.2662365436553955,0.11788737028837204,-0.6981912851333618,-0.3084104061126709,-0.15571418404579163,-0.4184395968914032,-0.10138082504272461,-0.32846975326538086,-0.552670419216156,-0.1105724349617958,-0.1955028772354126,-0.7241639494895935,-0.008386015892028809,0.1,0.1,0.0,0.6,0.0,0.0,0.0,0.1,-0.1,0.0,0.6,0.0,0.0,0.0
51,2025-07-17T23:35:29.122691,0.15703916549682617,-0.44215115904808044,-0.09131567180156708,0.3043602406978607,-0.5445566177368164,-0.2263796329498291,0.1431623250246048,-0.7292313575744629,-0.25754714012145996,-0.16165988147258759,-0.4228602349758148,-0.06305122375488281,-0.3318949043750763,-0.5539058446884155,-0.08282535523176193,-0.2031787931919098,-0.7358090877532959,0.015591263771057129,0.1,0.1,0.0,0.6,0.0,0.0,0.0,0.1,-0.1,0.0,0.6,0.0,0.0,0.0
52,2025-07-17T23:35:29.221179,0.15465858578681946,-0.4348560869693756,-0.10830308496952057,0.2954121232032776,-0.5242655873298645,-0.24714338779449463,0.14582648873329163,-0.7114761471748352,-0.28760313987731934,-0.1666237860918045,-0.41476643085479736,-0.08166790008544922,-0.3300677537918091,-0.5446391701698303,-0.10768096148967743,-0.20376518368721008,-0.7346442937850952,-0.03196394443511963,0.1,0.1,0.0,0.6,0.0,0.0,0.0,0.1,-0.1,0.0,0.6,0.0,0.0,0.0
53,2025-07-17T23:35:29.321991,0.14912649989128113,-0.43666160106658936,-0.09296612441539764,0.282751202583313,-0.5274756550788879,-0.21232080459594727,0.14358696341514587,-0.7402358055114746,-0.24488377571105957,-0.1613142043352127,-0.413947731256485,-0.05893230438232422,-0.3373689353466034,-0.5523645281791687,-0.06180888041853905,-0.2151622623205185,-0.7587798237800598,0.05595386028289795,0.1,0.1,0.0,0.6,0.0,0.0,0.0,0.1,-0.1,0.0,0.6,0.0,0.0,0.0
54,2025-07-17T23:35:29.420903,0.15756464004516602,-0.4342156648635864,-0.10193252563476562,0.2991795837879181,-0.5093720555305481,-0.23373007774353027,0.189702570438385,-0.7010958194732666,-0.29583072662353516,-0.15809191763401031,-0.41107961535453796,-0.08611750602722168,-0.3167039752006531,-0.5291882753372192,-0.10201600193977356,-0.20283032953739166,-0.7276678681373596,-0.03221404552459717,0.1,0.1,0.0,0.6,0.0,0.0,0.0,0.1,-0.1,0.0,0.6,0.0,0.0,0.0
55,2025-07-17T23:35:29.521519,0.1741604506969452,-0.4300704896450043,-0.05736882612109184,0.31450140476226807,-0.3683108389377594,-0.14153671264648438,0.3366324305534363,-0.3710326552391052,-0.24005746841430664,-0.149464413523674,-0.4282127022743225,-0.07297825813293457,-0.3128684163093567,-0.5118585824966431,-0.20647494494915009,-0.17021819949150085,-0.685653030872345,-0.2867823839187622,0.1,0.1,0.0,0.6,0.0,0.0,0.0,0.1,-0.1,0.0,0.6,0.0,0.0,0.0
56,2025-07-17T23:35:29.626584,0.16647759079933167,-0.4175817370414734,-0.06871315836906433,0.26950252056121826,-0.2720775604248047,-0.12821745872497559,0.3217841386795044,-0.19155463576316833,-0.21712255477905273,-0.15598322451114655,-0.4217376708984375,-0.07896995544433594,-0.3206653296947479,-0.4727671146392822,-0.2375016063451767,-0.18159805238246918,-0.6636383533477783,-0.3514742851257324,0.1,0.1,0.0,0.6,0.0,0.0,0.0,0.1,-0.1,0.0,0.6,0.0,0.0,0.0
57,2025-07-17T23:35:29.720882,0.17315573990345,-0.423606812953949,-0.06148959696292877,0.2808699607849121,-0.3024088144302368,-0.14307808876037598,0.31978467106819153,-0.2542601227760315,-0.24613022804260254,-0.16144710779190063,-0.4201240837574005,-0.06812167167663574,-0.30665111541748047,-0.4794232249259949,-0.2310580015182495,-0.17864713072776794,-0.6718088984489441,-0.3421444892883301,0.1,0.1,0.0,0.6,0.0,0.0,0.0,0.1,-0.1,0.0,0.6,0.0,0.0,0.0
58,2025-07-17T23:35:29.822276,0.16478073596954346,-0.4243801534175873,-0.06779259443283081,0.2854059934616089,-0.43988412618637085,-0.20241951942443848,0.17590931057929993,-0.6446298360824585,-0.269885778427124,-0.13625958561897278,-0.40837720036506653,-0.05238509178161621,-0.2786630094051361,-0.4896478056907654,-0.1516892910003662,-0.18898150324821472,-0.7099385261535645,-0.18085002899169922,0.1,0.1,0.0,0.6,0.0,0.0,0.0,0.1,-0.1,0.0,0.6,0.0,0.0,0.0
59,2025-07-17T23:35:29.936567,0.16186009347438812,-0.4393777847290039,-0.07732051610946655,0.2892206311225891,-0.48143625259399414,-0.21098709106445312,0.15669292211532593,-0.7085227370262146,-0.27485060691833496,-0.1425667405128479,-0.4195006191730499,-0.05974864959716797,-0.2723313570022583,-0.5001997351646423,-0.14780938625335693,-0.18496589362621307,-0.7172737121582031,-0.1741722822189331,0.1,0.1,0.0,0.6,0.0,0.0,0.0,0.1,-0.1,0.0,0.6,0.0,0.0,0.0
60,2025-07-17T23:35:30.071061,0.16705133020877838,-0.4381028711795807,-0.08199549466371536,0.2914609909057617,-0.4927626848220825,-0.21432793140411377,0.17436213791370392,-0.7033742070198059,-0.2773151397705078,-0.1407301425933838,-0.41850507259368896,-0.0658731460571289,-0.27789002656936646,-0.5138233304023743,-0.16574284434318542,-0.169806569814682,-0.7287154197692871,-0.18948566913604736,0.1,0.1,0.0,0.6,0.0,0.0,0.0,0.1,-0.1,0.0,0.6,0.0,0.0,0.0
61,2025-07-17T23:35:30.200253,0.15894104540348053,-0.4339614808559418,-0.05322753265500069,0.3017752468585968,-0.3920527696609497,-0.1616363525390625,0.24273623526096344,-0.515320897102356,-0.2532007694244385,-0.1466866135597229,-0.4242391884326935,-0.06650447845458984,-0.28109344840049744,-0.48504123091697693,-0.1815532147884369,-0.17392238974571228,-0.6911354064941406,-0.23326921463012695,0.1,0.1,0.0,0.6,0.0,0.0,0.0,0.1,-0.1,0.0,0.6,0.0,0.0,0.0
62,2025-07-17T23:35:30.293601,0.160279780626297,-0.4350413978099823,-0.07759317755699158,0.3046967685222626,-0.43229538202285767,-0.22343552112579346,0.19837446510791779,-0.6103253960609436,-0.31758618354797363,-0.14999572932720184,-0.416881263256073,-0.07762575149536133,-0.2717495858669281,-0.4809015691280365,-0.19745898246765137,-0.17072173953056335,-0.6850163340568542,-0.2477329969406128,0.1,0.1,0.0,0.6,0.0,0.0,0.0,0.1,-0.1,0.0,0.6,0.0,0.0,0.0
63,2025-07-17T23:35:30.393499,0.16307128965854645,-0.4342304766178131,-0.08506760001182556,0.30598923563957214,-0.48271748423576355,-0.2194957733154297,0.1897333562374115,-0.6890833377838135,-0.28678035736083984,-0.1442088633775711,-0.4157778024673462,-0.07827186584472656,-0.2852343022823334,-0.5008344054222107,-0.18420280516147614,-0.17750516533851624,-0.7127285003662109,-0.21538734436035156,0.1,0.1,0.0,0.6,0.0,0.0,0.0,0.1,-0.1,0.0,0.6,0.0,0.0,0.0
64,2025-07-17T23:35:30.488591,0.16404828429222107,-0.4345076382160187,-0.08822968602180481,0.30423659086227417,-0.47802358865737915,-0.23109328746795654,0.1897297203540802,-0.6965448260307312,-0.3055095672607422,-0.15380744636058807,-0.41035404801368713,-0.08169174194335938,-0.26531413197517395,-0.4909327030181885,-0.18496845662593842,-0.1788269430398941,-0.7223166823387146,-0.205802321434021,0.1,0.1,0.0,0.6,0.0,0.0,0.0,0.1,-0.1,0.0,0.6,0.0,0.0,0.0
65,2025-07-17T23:35:30.587583,0.1627080738544464,-0.4355860948562622,-0.042503051459789276,0.3031475245952606,-0.4138374626636505,-0.16017460823059082,0.22615623474121094,-0.5650638341903687,-0.2476332187652588,-0.14242304861545563,-0.4205928444862366,-0.06643939018249512,-0.27138400077819824,-0.4817200303077698,-0.19687950611114502,-0.17569343745708466,-0.6952468156814575,-0.2615506649017334,0.1,0.1,0.0,0.6,0.0,0.0,0.0,0.1,-0.1,0.0,0.6,0.0,0.0,0.0
66,2025-07-17T23:35:30.627908,0.16363561153411865,-0.4367977976799011,-0.07032060623168945,0.2984519302845001,-0.45608916878700256,-0.21001708507537842,0.1942986100912094,-0.6608282327651978,-0.2870826721191406,-0.14491018652915955,-0.4203157424926758,-0.06767511367797852,-0.27534937858581543,-0.5045042037963867,-0.17173634469509125,-0.18061357736587524,-0.7252341508865356,-0.20341205596923828,0.1,0.1,0.0,0.6,0.0,0.0,0.0,0.1,-0.1,0.0,0.6,0.0,0.0,0.0
67,2025-07-17T23:35:30.721254,0.16195999085903168,-0.43108582496643066,-0.09950704127550125,0.3068959414958954,-0.4692302346229553,-0.2511981725692749,0.18684211373329163,-0.6836349368095398,-0.32747673988342285,-0.15450133383274078,-0.41161760687828064,-0.07775616645812988,-0.27937763929367065,-0.488305002450943,-0.15501895546913147,-0.19480982422828674,-0.7014444470405579,-0.15666234493255615,0.1,0.1,0.0,0.6,0.0,0.0,0.0,0.1,-0.1,0.0,0.6,0.0,0.0,0.0
68,2025-07-17T23:35:30.949482,0.1594950407743454,-0.43352240324020386,-0.07541488856077194,0.30332547426223755,-0.4835659861564636,-0.20404517650604248,0.2017499953508377,-0.7065458297729492,-0.2731609344482422,-0.1542959213256836,-0.4118634760379791,-0.07165098190307617,-0.28794291615486145,-0.5043807029724121,-0.16272521018981934,-0.1867409646511078,-0.7396600246429443,-0.17972588539123535,0.1,0.1,0.0,0.6,0.0,0.0,0.0,0.1,-0.1,0.0,0.6,0.0,0.0,0.0
69,2025-07-17T23:35:31.054950,0.15724949538707733,-0.4258008301258087,-0.09362032264471054,0.30740535259246826,-0.48070305585861206,-0.22909832000732422,0.201089009642601,-0.6951202750205994,-0.3049037456512451,-0.15780577063560486,-0.4048275053501129,-0.08453845977783203,-0.3039741814136505,-0.4976704716682434,-0.16254810988903046,-0.20167702436447144,-0.7221542000770569,-0.17029309272766113,0.1,0.1,0.0,0.6,0.0,0.0,0.0,0.1,-0.1,0.0,0.6,0.0,0.0,0.0
70,2025-07-17T23:35:31.154646,0.15899403393268585,-0.4390949010848999,-0.08587148040533066,0.297559916973114,-0.4968763589859009,-0.21421658992767334,0.170687735080719,-0.7132797837257385,-0.2674727439880371,-0.14990729093551636,-0.41705116629600525,-0.060141563415527344,-0.29682374000549316,-0.5091485977172852,-0.13167297840118408,-0.19752392172813416,-0.7283650636672974,-0.12861144542694092,0.1,0.1,0.0,0.6,0.0,0.0,0.0,0.1,-0.1,0.0,0.6,0.0,0.0,0.0
71,2025-07-17T23:35:31.253173,0.1559842824935913,-0.4330854117870331,-0.09230279922485352,0.30129274725914,-0.4731867015361786,-0.23410093784332275,0.18746960163116455,-0.6915081739425659,-0.30449986457824707,-0.1549907773733139,-0.41314467787742615,-0.07315802574157715,-0.30377283692359924,-0.4985062777996063,-0.14340649545192719,-0.2106284648180008,-0.7147489786148071,-0.15100371837615967,0.1,0.1,0.0,0.6,0.0,0.0,0.0,0.1,-0.1,0.0,0.6,0.0,0.0,0.0
72,2025-07-17T23:35:31.352726,0.15680266916751862,-0.4331077039241791,-0.0939575731754303,0.2882830500602722,-0.4713354706764221,-0.234838604927063,0.16208474338054657,-0.6881769895553589,-0.29909539222717285,-0.15294909477233887,-0.4111257493495941,-0.07053852081298828,-0.3019842505455017,-0.495817095041275,-0.17631079256534576,-0.1992608904838562,-0.7127688527107239,-0.2099519968032837,0.1,0.1,0.0,0.6,0.0,0.0,0.0,0.1,-0.1,0.0,0.6,0.0,0.0,0.0
73,2025-07-17T23:35:31.454363,0.15763254463672638,-0.43218228220939636,-0.09481504559516907,0.28793585300445557,-0.4800345301628113,-0.2348313331604004,0.1580016314983368,-0.6956064105033875,-0.29688143730163574,-0.15002155303955078,-0.41176703572273254,-0.0715949535369873,-0.2917381227016449,-0.5021554827690125,-0.16324886679649353,-0.19692325592041016,-0.7193681001663208,-0.176611065864563,0.1,0.1,0.0,0.6,0.0,0.0,0.0,0.1,-0.1,0.0,0.6,0.0,0.0,0.0
74,2025-07-17T23:35:31.559359,0.1652751863002777,-0.4266975522041321,-0.09155253320932388,0.3010209798812866,-0.47010841965675354,-0.23075878620147705,0.1811482012271881,-0.6963825225830078,-0.30155158042907715,-0.14595927298069,-0.4075431227684021,-0.06777215003967285,-0.29132235050201416,-0.48691514134407043,-0.1660962998867035,-0.20085039734840393,-0.7222673296928406,-0.20464682579040527,0.1,0.1,0.0,0.6,0.0,0.0,0.0,0.1,-0.1,0.0,0.6,0.0,0.0,0.0
75,2025-07-17T23:35:31.654177,0.15548862516880035,-0.4224185645580292,-0.10179184377193451,0.2967240512371063,-0.4604407548904419,-0.24157142639160156,0.1850154548883438,-0.6764578819274902,-0.30935049057006836,-0.15642721951007843,-0.40356990694999695,-0.08293557167053223,-0.3029819428920746,-0.4924432039260864,-0.1536441445350647,-0.2172841876745224,-0.7055538892745972,-0.1461935043334961,0.1,0.1,0.0,0.6,0.0,0.0,0.0,0.1,-0.1,0.0,0.6,0.0,0.0,0.0
76,2025-07-17T23:35:31.752860,0.1459515541791916,-0.4366246461868286,-0.0944950133562088,0.2925633490085602,-0.46695417165756226,-0.22468841075897217,0.19900931417942047,-0.6735763549804688,-0.31548428535461426,-0.1712108552455902,-0.39817386865615845,-0.10728025436401367,-0.29268398880958557,-0.4670417606830597,-0.17607605457305908,-0.2548368275165558,-0.6864727735519409,-0.17723751068115234,0.1,0.1,0.0,0.6,0.0,0.0,0.0,0.1,-0.1,0.0,0.6,0.0,0.0,0.0
77,2025-07-17T23:35:31.855059,0.13948993384838104,-0.4581141471862793,-0.09070479869842529,0.2928815186023712,-0.47604572772979736,-0.2130962610244751,0.19173994660377502,-0.6809127926826477,-0.32292985916137695,-0.16694755852222443,-0.41989031434059143,-0.0986173152923584,-0.33378422260284424,-0.4311984181404114,-0.07667651027441025,-0.426724374294281,-0.5305403470993042,-0.030800342559814453,0.1,0.1,0.0,0.6,0.0,0.0,0.0,0.1,-0.1,0.0,0.6,0.0,0.0,0.0
78,2025-07-17T23:35:31.953945,0.1518796682357788,-0.45842739939689636,-0.08225344866514206,0.31271377205848694,-0.49871212244033813,-0.21622538566589355,0.18923461437225342,-0.690626323223114,-0.3366820812225342,-0.16444848477840424,-0.43657222390174866,-0.08679962158203125,-0.3105293810367584,-0.3558855354785919,-0.12672288715839386,-0.38562554121017456,-0.3125017285346985,-0.2136242389678955,0.1,0.1,0.0,0.6,0.0,0.0,0.0,0.1,-0.1,0.0,0.6,0.0,0.0,0.0
79,2025-07-17T23:35:32.052833,0.15370997786521912,-0.4584885537624359,-0.07017433643341064,0.3125755488872528,-0.4590685963630676,-0.20744216442108154,0.20802249014377594,-0.6100317239761353,-0.3432149887084961,-0.16763563454151154,-0.4390481412410736,-0.09955692291259766,-0.3283129036426544,-0.3684566020965576,-0.14850172400474548,-0.3915365934371948,-0.3175797760486603,-0.24773120880126953,0.1,0.1,0.0,0.6,0.0,0.0,0.0,0.1,-0.1,0.0,0.6,0.0,0.0,0.0
80,2025-07-17T23:35:32.154685,0.1459433138370514,-0.46286022663116455,-0.0827072337269783,0.3129497170448303,-0.4704262316226959,-0.2347954511642456,0.16294804215431213,-0.6654765009880066,-0.3702390193939209,-0.16665475070476532,-0.42552924156188965,-0.07423114776611328,-0.308337539434433,-0.3254307508468628,-0.0639900267124176,-0.41368457674980164,-0.27096766233444214,-0.10911810398101807,0.1,0.1,0.0,0.6,0.0,0.0,0.0,0.1,-0.1,0.0,0.6,0.0,0.0,0.0
81,2025-07-17T23:35:32.252202,0.14876392483711243,-0.454978883266449,-0.07686503976583481,0.33523306250572205,-0.45520707964897156,-0.22238314151763916,0.2059619426727295,-0.6540599465370178,-0.3513493537902832,-0.16816963255405426,-0.425775945186615,-0.07839393615722656,-0.297054648399353,-0.2959124445915222,-0.03818042576313019,-0.3801177740097046,-0.16079524159431458,-0.0574721097946167,0.1,0.1,0.0,0.6,0.0,0.0,0.0,0.1,-0.1,0.0,0.6,0.0,0.0,0.0
82,2025-07-17T23:35:32.354214,0.16273784637451172,-0.44568973779678345,-0.05449097603559494,0.3111013174057007,-0.30486777424812317,-0.10687994956970215,0.38389962911605835,-0.20281311869621277,-0.2199258804321289,-0.17744703590869904,-0.42350202798843384,-0.09406805038452148,-0.35217010974884033,-0.4340062141418457,-0.24408867955207825,-0.3205067217350006,-0.5621801614761353,-0.3987736701965332,0.1,0.1,0.0,0.6,0.0,0.0,0.0,0.1,-0.1,0.0,0.6,0.0,0.0,0.0
83,2025-07-17T23:35:32.452854,0.16960091888904572,-0.44561296701431274,-0.03660228103399277,0.28893378376960754,-0.2801215350627899,-0.07763588428497314,0.36025533080101013,-0.149621844291687,-0.1789546012878418,-0.16488799452781677,-0.4277190864086151,-0.08880424499511719,-0.31196919083595276,-0.3753793239593506,-0.2566174864768982,-0.25406327843666077,-0.5291423201560974,-0.43593335151672363,0.1,0.1,0.0,0.6,0.0,0.0,0.0,0.1,-0.1,0.0,0.6,0.0,0.0,0.0
84,2025-07-17T23:35:32.552303,0.1459471732378006,-0.4377902150154114,-0.06289941072463989,0.24484005570411682,-0.26209744811058044,-0.13054728507995605,0.23395055532455444,-0.16950155794620514,-0.2514066696166992,-0.17851215600967407,-0.41725680232048035,-0.08376264572143555,-0.2089949995279312,-0.2417203038930893,-0.16127203404903412,-0.19112281501293182,-0.23180197179317474,-0.35923242568969727,0.1,0.1,0.0,0.6,0.0,0.0,0.0,0.1,-0.1,0.0,0.6,0.0,0.0,0.0
85,2025-07-17T23:35:32.652480,0.16540992259979248,-0.46176812052726746,-0.0388239286839962,0.27913209795951843,-0.326873779296875,-0.13056230545043945,0.24828048050403595,-0.2891187071800232,-0.3188183307647705,-0.1624792367219925,-0.42760422825813293,-0.08983039855957031,-0.2629282474517822,-0.2544022500514984,-0.11060093343257904,-0.2883611023426056,-0.1237754374742508,-0.21085703372955322,0.1,0.1,0.0,0.6,0.0,0.0,0.0,0.1,-0.1,0.0,0.6,0.0,0.0,0.0
86,2025-07-17T23:35:32.753977,0.16918888688087463,-0.46258875727653503,-0.07093329727649689,0.2904406785964966,-0.3031076490879059,-0.13139140605926514,0.306111216545105,-0.15132957696914673,-0.29157519340515137,-0.16948384046554565,-0.4237438142299652,-0.1036374568939209,-0.28782254457473755,-0.2377978414297104,-0.10075646638870239,-0.31444215774536133,-0.08283423632383347,-0.19262325763702393,0.1,0.1,0.0,0.6,0.0,0.0,0.0,0.1,-0.1,0.0,0.6,0.0,0.0,0.0
87,2025-07-17T23:35:32.852820,0.15569758415222168,-0.45877036452293396,-0.07948549836874008,0.28479984402656555,-0.28299251198768616,-0.14265763759613037,0.31848153471946716,-0.11546867340803146,-0.2892763614654541,-0.1809716820716858,-0.4180540144443512,-0.1118021011352539,-0.27991819381713867,-0.22238634526729584,-0.1336950659751892,-0.29321837425231934,-0.06623943895101547,-0.2670706510543823,0.1,0.1,0.0,0.6,0.0,0.0,0.0,0.1,-0.1,0.0,0.6,0.0,0.0,0.0
88,2025-07-17T23:35:32.953010,0.16268382966518402,-0.4606679379940033,-0.07404434680938721,0.2977807819843292,-0.28599363565444946,-0.12962019443511963,0.34465476870536804,-0.10272586345672607,-0.2763807773590088,-0.18135447800159454,-0.41552457213401794,-0.11172652244567871,-0.27335673570632935,-0.20944707095623016,-0.11164014041423798,-0.29046928882598877,-0.024877863004803658,-0.2127985954284668,0.1,0.1,0.0,0.6,0.0,0.0,0.0,0.1,-0.1,0.0,0.6,0.0,0.0,0.0
89,2025-07-17T23:35:33.053249,0.15251655876636505,-0.44266170263290405,-0.07968679070472717,0.282690167427063,-0.2741676867008209,-0.1311342716217041,0.3512151837348938,-0.09086135774850845,-0.2787210941314697,-0.17055456340312958,-0.4067782461643219,-0.11252236366271973,-0.2691683769226074,-0.20942072570323944,-0.16488684713840485,-0.32187527418136597,-0.05275585874915123,-0.3269648551940918,0.1,0.1,0.0,0.6,0.0,0.0,0.0,0.1,-0.1,0.0,0.6,0.0,0.0,0.0
90,2025-07-17T23:35:33.152573,0.14984431862831116,-0.4463759660720825,-0.0812106803059578,0.2799416482448578,-0.27288708090782166,-0.13065683841705322,0.32848605513572693,-0.08313512802124023,-0.275773286819458,-0.1833614706993103,-0.41458672285079956,-0.10776352882385254,-0.26017218828201294,-0.1959301233291626,-0.1188543289899826,-0.2824830412864685,-0.015346916392445564,-0.23511266708374023,0.1,0.1,0.0,0.6,0.0,0.0,0.0,0.1,-0.1,0.0,0.6,0.0,0.0,0.0
